NAME|TEAM|ML|A/H|LINE|SZN AVG|W-L Splits|A-H Splits|% OVER|L15 OVER|L5 OVER|LAST 10 GAMES|LYR OVER|FD|DK|Best|Implied
:--|:--|:--|:--|:--|:--|:--|:--|:--|:--|:--|:--|:--|:--|:--|:--|:--
Mason Mctavish|ANA|+250|H|sog|1.5|**2.25**|75% - '**69%**'|71% - '**71%**'|71%|53%|60%|3,0,2,1,2,3,5,5,1,1|67%|-220|-190/+145
Mats Zuccarello|MIN|+195|A|sog|1.5|**2.49**|72% - '**64%**'|'**72%**' - 62%|68%|67%|80%|5,1,1,3,2,3,2,1,4,4|69%|-190|-190/+145
Logan Stankoven|DAL|-310|A|sog|2.5|**3.17**|'**100%**' - 0%|'**67%**' - 67%|67%|67%|60%|3,2,1,6,3,4|0%|-128|-110/-120
Barrett Hayton|ARI|+124|H|sog|1.5|**2.0**|70% - '**62%**'|72% - '**54%**'|65%|67%|100%|4,1,3,0,2,2,3,2,4,3|61%|-178|-190/+145
-|-|-|-|-|-|-|-|-|-|-|-|-|-|-
Jason Robertson|DAL|-310|A|pts|0.5|**0.95**|'**87%**' - 50%|'**70%**' - 74%|72%|67%|80%|0,1,0,0,1,0,1,1,1,1|70%|0|-230/+175
Valeri Nichushkin|COL|-238|H|pts|0.5|**1.05**|'**85%**' - 43%|58% - '**81%**'|70%|73%|60%|3,1,0,1,2,2,0,2,0,2|63%|0|-195/+150
Logan Stankoven|DAL|-310|A|pts|0.5|**1.33**|'**50%**' - 100%|'**67%**' - 67%|67%|67%|80%|0,2,1,1,0,4|0%|0|'+100/-130
Patrick Kane|DET|-148|A|pts|0.5|**1.0**|'**80%**' - 50%|'**62%**' - 67%|65%|73%|60%|1,2,1,1,2,2,2,1,0,0|0%|0|-210/+160
-|-|-|-|-|-|-|-|-|-|-|-|-|-|-